series_id,item_name
APU0000701111,"Flour, white, all purpose, per lb."
APU0000701311,"Rice, white, long grain, precooked per lb."
APU0000701312,"Rice, white, long grain, uncooked, per lb."
APU0000701321,Spaghetti per lb.
APU0000701322,"Spaghetti and macaroni, per lb."
APU0000702111,"Bread, white, pan, per lb."
APU0000702112,"Bread, French, per lb."
APU0000702211,"Bread, rye, pan per lb."
APU0000702212,"Bread, whole wheat, pan, per lb."
APU0000702213,"Bread, wheat blend, pan per lb."
APU0000702221,"Rolls, hamburger per lb."
APU0000702411,"Cupcakes, chocolate per lb."
APU0000702421,"Cookies, chocolate chip, per lb."
APU0000702611,"Crackers, soda, salted, per lb."
APU0000703111,"Ground chuck, 100% beef, per lb."
APU0000703112,"Ground beef, 100% beef, per lb."
APU0000703113,"Ground beef, lean and extra lean, per lb."
APU0000703211,"Chuck roast, USDA Choice, bone-in, per lb."
APU0000703212,"Chuck roast, graded and ungraded, excluding USDA Prime and Choice, per lb."
APU0000703213,"Chuck roast, USDA Choice, boneless, per lb."
APU0000703311,"Round roast, USDA Choice, boneless, per lb."
APU0000703312,"Round roast, graded and ungraded, excluding USDA Prime and Choice, per lb."
APU0000703411,"Rib roast, USDA Choice, bone-in, per lb."
APU0000703421,"Steak, chuck, U.S. choice, bone-in per lb."
APU0000703422,"Steak, T-Bone, USDA Choice, bone-in, per lb."
APU0000703423,"Steak, porterhouse, U.S. choice, bone-in per lb."
APU0000703425,"Steak, rib eye, USDA Choice, boneless, per lb."
APU0000703431,"Short ribs, any primal source, bone-in, per lb."
APU0000703432,"Beef for stew, boneless, per lb."
APU0000703511,"Steak, round, USDA Choice, boneless, per lb."
APU0000703512,"Steak, round, graded and ungraded, excluding USDA Prime and Choice, per lb."
APU0000703611,"Steak, sirloin, USDA Choice, bone-in, per lb."
APU0000703612,"Steak, sirloin, graded and ungraded, excluding USDA Prime and Choice, per lb."
APU0000703613,"Steak, sirloin, USDA Choice, boneless, per lb."
APU0000704111,"Bacon, sliced, per lb."
APU0000704211,"Chops, center cut, bone-in, per lb."
APU0000704212,"Chops, boneless, per lb."
APU0000704311,"Ham, rump or shank half, bone-in, smoked,per lb."
APU0000704312,"Ham, boneless, excluding canned, per lb."
APU0000704313,"Ham, rump portion, bone-in, smoked per lb."
APU0000704314,"Ham, shank portion, bone-in, smoked per lb."
APU0000704321,"Ham, canned, 3 or 5 lbs, per lb."
APU0000704411,"Pork shoulder roast, blade boston, bone-in per lb."
APU0000704412,"Pork sirloin roast, bone-in per lb."
APU0000704413,"Shoulder picnic, bone-in, smoked, per lb."
APU0000704421,"Sausage, fresh, loose, per lb."
APU0000705111,"Frankfurters, all meat or all beef, per lb."
APU0000705121,"Bologna, all beef or mixed, per lb."
APU0000705141,"Beef liver per lb."
APU0000705142,"Lamb and mutton, bone-in, per lb."
APU0000706111,"Chicken, fresh, whole, per lb."
APU0000706211,"Chicken breast, bone-in, per lb."
APU0000706212,"Chicken legs, bone-in, per lb."
APU0000706311,"Turkey, frozen, whole, per lb."
APU0000707111,"Tuna, light, chunk, per lb."
APU0000708111,"Eggs, grade A, large, per doz."
APU0000708112,"Eggs, grade AA, large, per doz."
APU0000709111,"Milk, fresh, whole, fortified, per 1/2 gal."
APU0000709112,"Milk, fresh, whole, fortified, per gal."
APU0000709211,"Milk, fresh, skim per 1/2 gal."
APU0000709212,"Milk, fresh, low fat, per 1/2 gal."
APU0000709213,"Milk, fresh, low fat, per gal."
APU0000710111,"Butter, salted, grade AA, stick, per lb."
APU0000710122,"Yogurt, natural, fruit flavored, per 8 oz."
APU0000710211,"American processed cheese, per lb."
APU0000710212,"Cheddar cheese, natural, per lb."
APU0000710411,"Ice cream, prepackaged, bulk, regular, per 1/2 gal."
APU0000711111,"Apples, Red Delicious, per lb."
APU0000711211,"Bananas, per lb."
APU0000711311,"Oranges, Navel, per lb."
APU0000711312,"Oranges, Valencia, per lb."
APU0000711411,"Grapefruit, per lb."
APU0000711412,"Lemons, per lb."
APU0000711413,"Pears, Anjou, per lb."
APU0000711414,"Peaches, per lb."
APU0000711415,"Strawberries, dry pint, per 12 oz."
APU0000711416,"Grapes, Emperor or Tokay per lb."
APU0000711417,"Grapes, Thompson Seedless, per lb."
APU0000711418,"Cherries, per lb."
APU0000712111,"Potatoes, white per lb."
APU0000712112,"Potatoes, white, per lb."
APU0000712211,"Lettuce, iceberg, per lb."
APU0000712311,"Tomatoes, field grown, per lb."
APU0000712401,"Cabbage, per lb."
APU0000712402,"Celery, per lb."
APU0000712403,"Carrots, short trimmed and topped, per lb."
APU0000712404,"Onions, dry yellow, per lb."
APU0000712405,"Onions, green scallions per lb."
APU0000712406,"Peppers, sweet, per lb."
APU0000712407,"Corn on the cob, per lb."
APU0000712408,"Radishes per lb."
APU0000712409,"Cucumbers, per lb."
APU0000712410,"Beans, green, snap per lb."
APU0000712411,"Mushrooms per lb."
APU0000712412,"Broccoli, per lb."
APU0000713111,"Orange juice, frozen concentrate, 12 oz. can, per 16 oz."
APU0000713311,"Apple Sauce, any variety, all sizes, per lb."
APU0000713312,"Peaches, any variety, all sizes, per lb."
APU0000714111,"Potatoes, frozen, French fried, per lb."
APU0000714221,"Corn, canned, any style, all sizes, per lb."
APU0000714231,"Tomatoes, canned, whole, per lb."
APU0000714232,"Tomatoes, canned, any type, all sizes,  per lb."
APU0000714233,"Beans, dried, any type, all sizes, per lb."
APU0000715111,"Hard candy, solid per lb."
APU0000715211,"Sugar, white, all sizes, per lb."
APU0000715212,"Sugar, white, 33-80 oz. pkg, per lb."
APU0000715311,"Jelly per lb."
APU0000716111,"Margarine, vegetable oil blends, stick per lb."
APU0000716113,"Margarine, vegetable oil blends, soft, tubs per lb."
APU0000716114,"Margarine, stick, per lb."
APU0000716116,"Margarine, soft, tubs, per lb."
APU0000716121,"Shortening, vegetable oil blends, per lb."
APU0000716141,"Peanut butter, creamy, all sizes, per lb."
APU0000717111,"Cola, non-diet, return bottles, 6 or 8 pack, per 16 oz."
APU0000717112,"Cola, non diet, return bottles, 24-40 ounce, per 16 oz."
APU0000717113,"Cola, nondiet, cans, 72 oz. 6 pk., per 16 oz."
APU0000717114,"Cola, nondiet, per 2 liters"
APU0000717311,"Coffee, 100%, ground roast, all sizes, per lb."
APU0000717312,"Coffee, 100%, ground roast, 13.1-20 oz. can, per lb."
APU0000717324,"Coffee, instant, plain, regular, 6.1-14 ounce, per 16 oz."
APU0000717325,"Coffee, freeze dried, regular, all sizes, per 16 oz."
APU0000717326,"Coffee, freeze dried, decaf., all sizes, per 16 oz."
APU0000717327,"Coffee, instant, plain, regular, all sizes, per lb."
APU0000717411,"Coffee, instant, plain, 9.1-14 ounce, per 16 oz."
APU0000717412,"Coffee, instant, plain, 3.1-6 ounce, per 16 oz."
APU0000717413,"Coffee, freeze dried, plain, 3.1-9 ounce, per 16 oz."
APU0000718311,"Potato chips, per 16 oz."
APU0000718631,"Pork and beans, canned, per 16 oz."
APU0000720111,"Malt beverages, all types, all sizes, any origin, per 16 oz."
APU0000720211,"Bourbon whiskey, 375 ml-1.75 liter"
APU0000720221,"Vodka, domestic, 375 ml-1.75 liter"
APU0000720222,"Vodka, all types, all sizes, any origin, per 1 liter"
APU0000720311,"Wine, red and white table, all sizes, any origin, per 1 liter"
APU0000FC1101,"All uncooked ground beef, per lb."
APU0000FC2101,"All Uncooked Beef Roasts, per lb."
APU0000FC3101,"All Uncooked Beef Steaks, per lb."
APU0000FC4101,"All Uncooked Other Beef (Excluding Veal), per lb."
APU0000FD2101,"All Ham (Excluding Canned Ham and Luncheon Slices), per lb."
APU0000FD3101,"All Pork Chops, per lb."
APU0000FD4101,"All Other Pork (Excluding Canned Ham and Luncheon Slices), per lb."
APU0000FF1101,"Chicken breast, boneless, per lb."
APU0000FJ1101,"Milk, fresh, low-fat, reduced fat, skim, per gal."
APU0000FJ4101,"Yogurt, per 8 oz."
APU0000FL2101,"Lettuce, romaine, per lb."
APU0000FN1101,"All soft drinks, per 2 liters"
APU0000FN1102,"All soft drinks, 12 pk, 12 oz., cans, per 12 oz."
APU0000FS1101,"Butter, stick, per lb."